batch_idx,avg_reward,ppo_loss,kl_divergence
0,6.670000076293945,,
0,6.670000076293945,,
0,6.670000076293945,,
